Key,English
CLIENT_TREEHELP_INC_000003,Basic Operations
CLIENT_TREEHELP_INC_000008,How do I fly?
CLIENT_TREEHELP_INC_000009,Aerial Combat
CLIENT_TREEHELP_INC_000013,Magic Attack
CLIENT_TREEHELP_INC_000045,Task bar
CLIENT_TREEHELP_INC_000065,Inviting members to a Party
CLIENT_TREEHELP_INC_000073,Call
CLIENT_TREEHELP_INC_000076,
CLIENT_TREEHELP_INC_000082,Guild Information
CLIENT_TREEHELP_INC_000093,Vagrant
CLIENT_TREEHELP_INC_000097,First Job Transfer
CLIENT_TREEHELP_INC_000103,Bloody Strike
CLIENT_TREEHELP_INC_000108,Sneaker
CLIENT_TREEHELP_INC_000109,Empower Weapon
CLIENT_TREEHELP_INC_000119,Slow Step
CLIENT_TREEHELP_INC_000120,Yo-Yo Mastery
CLIENT_TREEHELP_INC_000121,Snatch
CLIENT_TREEHELP_INC_000124,Counterattack
CLIENT_TREEHELP_INC_000128,Auto Shot
CLIENT_TREEHELP_INC_000129,Aimed Shot
CLIENT_TREEHELP_INC_000139,Cat's Reflex
CLIENT_TREEHELP_INC_000140,Cannon Ball
CLIENT_TREEHELP_INC_000166,Blinkpool
CLIENT_TREEHELP_INC_000167,Second Job Transfer
CLIENT_TREEHELP_INC_000172,Power Stomp
CLIENT_TREEHELP_INC_000187,Critical Swing
CLIENT_TREEHELP_INC_000194,Vital stab
CLIENT_TREEHELP_INC_000195,Ranger
CLIENT_TREEHELP_INC_000204,RingMaster
CLIENT_TREEHELP_INC_000219,Bgvur Tialbold
CLIENT_TREEHELP_INC_000222,Elementor
CLIENT_TREEHELP_INC_000241,Blizzard
CLIENT_TREEHELP_INC_000255,Flying level
CLIENT_TREEHELP_INC_000256,Flying experience
CLIENT_TREEHELP_INC_000257,Travel experience point
CLIENT_TREEHELP_INC_000266,PXP (common experience)
CLIENT_TREEHELP_INC_000267,GP (growth point)
CLIENT_TREEHELP_INC_000288,Ulitmate Weapon Upgrade
CLIENT_TREEHELP_INC_000289,Mineral
CLIENT_TREEHELP_INC_000290,Erons
CLIENT_TREEHELP_INC_000291,Krasec
CLIENT_TREEHELP_INC_000292,Guru
CLIENT_TREEHELP_INC_000293,Collector
CLIENT_TREEHELP_INC_000298,PK
CLIENT_TREEHELP_INC_000299,PK attack
CLIENT_TREEHELP_INC_000300,Karma Point and Penalty
CLIENT_TREEHELP_INC_000301,Classfying users according to Karma Point
CLIENT_TREEHELP_INC_000302,PK user Field and Recovering Karma Point
CLIENT_TREEHELP_INC_000303,Regional setting
CLIENT_TREEHELP_INC_000304,Safety Zone
CLIENT_TREEHELP_INC_000305,Penalty PK zone
CLIENT_TREEHELP_INC_000306,Free PK zone
CLIENT_TREEHELP_INC_000307,Classfying Server
CLIENT_TREEHELP_INC_000308,Normal Server
CLIENT_TREEHELP_INC_000309,PVP server
CLIENT_TREEHELP_INC_000313,Weapon store
CLIENT_TREEHELP_INC_000318,Public office
CLIENT_TREEHELP_INC_000320,Beauty Shop
CLIENT_TREEHELP_INC_000321,Please select a subcategory to view available information.
